日期,销量
2024-01-01,53
2024-01-08,22
2024-01-15,20
2024-01-22,20
2024-01-29,41
2024-02-05,43
2024-02-12,21
2024-02-19,22
2024-02-26,28
2024-03-04,27
2024-03-11,24
2024-03-18,28
2024-03-25,32
2024-04-01,30
2024-04-08,29
2024-04-15,35
2024-04-22,40
2024-04-29,40
2024-05-06,46
2024-05-13,58
2024-05-20,67
2024-05-27,74
2024-06-03,88
2024-06-10,104
2024-06-17,111
2024-06-24,115
2024-07-01,122
2024-07-08,123
2024-07-15,113
2024-07-22,104
2024-07-29,98
2024-08-05,88
2024-08-12,74
2024-08-19,67
2024-08-26,65
2024-09-02,76
2024-09-09,70
2024-09-16,54
2024-09-23,57
2024-09-30,53
2024-10-07,52
2024-10-14,57
2024-10-21,58
2024-10-28,54
2024-11-04,56
2024-11-11,61
2024-11-18,60
2024-11-25,57
2024-12-02,61
2024-12-09,65
2024-12-16,62
2024-12-23,96
2024-12-30,101
2025-01-06,68
2025-01-13,65
2025-01-20,65
2025-01-27,89
2025-02-03,89
2025-02-10,67
2025-02-17,70
2025-02-24,75
2025-03-03,73
2025-03-10,71
2025-03-17,76
2025-03-24,79
2025-03-31,76
2025-04-07,77
2025-04-14,83
2025-04-21,86
2025-04-28,86
2025-05-05,93
2025-05-12,105
2025-05-19,113
2025-05-26,121
2025-06-02,136
2025-06-09,151
2025-06-16,157
2025-06-23,163
2025-06-30,170
2025-07-07,169
2025-07-14,159
2025-07-21,152
2025-07-28,146
2025-08-04,133
2025-08-11,120
2025-08-18,115
2025-08-25,112
2025-09-01,122
2025-09-08,117
2025-09-15,102
2025-09-22,103
2025-09-29,99
2025-10-06,99
2025-10-13,104
2025-10-20,104
2025-10-27,101
2025-11-03,104
2025-11-10,108
2025-11-17,106
2025-11-24,104
2025-12-01,109
2025-12-08,112
2025-12-15,108
2025-12-22,143
2025-12-29,149
2026-01-05,114
2026-01-12,111
2026-01-19,113
2026-01-26,136
2026-02-02,134
2026-02-09,114
2026-02-16,119
2026-02-23,122
2026-03-02,118
2026-03-09,118
2026-03-16,124
2026-03-23,125
2026-03-30,122
2026-04-06,124
2026-04-13,131
